{"cameraMode":{"drawMode":0,"name":"Shaded","section":"Shading Mode"},"sceneLighting":true,"audioPlay":false,"sceneViewState":{"showFog":true,"showMaterialUpdate":false,"showSkybox":true,"showFlares":true,"showImageEffects":true,"showParticleSystems":true},"in2DMode":false,"pivot":{"x":392.15032958984377,"y":118.8763427734375,"z":325.7178955078125},"rotation":{"x":-0.48053687810897829,"y":-0.34470272064208987,"z":0.21321621537208558,"w":-0.7778018712997437},"size":63.17823791503906,"orthographic":false}